Episode Title,Source File,Story Headline,Story URL
Global Crisis & Humanitarian Aid,Consolidated/Multiple,Nepal and Tibet Flood Disaster,No URL
Global Crisis & Humanitarian Aid,Consolidated/Multiple,Ebola Fight in DRC,No URL
Global Crisis & Humanitarian Aid,Consolidated/Multiple,Denmark Compensates Greenland Women,No URL
Global Crisis & Humanitarian Aid,Consolidated/Multiple,Saudi Arabia Prepares for Yemen Conflict,No URL
Markets & Economy,Consolidated/Multiple,Fed Chair Kevin Warsh at Jackson Hole,No URL
Markets & Economy,Consolidated/Multiple,Trump Announces New Canadian Tariffs,No URL
Markets & Economy,Consolidated/Multiple,UK Energy Supplier Debt,No URL
Markets & Economy,Consolidated/Multiple,Crypto Millionaires in the UK,No URL
UK Politics & Society,Consolidated/Multiple,Middlesbrough Intimidation and Violence,No URL
UK Politics & Society,Consolidated/Multiple,Andy Burnham's Social Media Ban,No URL
UK Politics & Society,Consolidated/Multiple,UK Shell Company Fraud,No URL
UK Politics & Society,Consolidated/Multiple,Thames Water Board Dispute,No URL
Global Tech & Media,Consolidated/Multiple,Meta US Settlement Implications,No URL
Global Tech & Media,Consolidated/Multiple,BBC 'Public Service Algorithm',No URL
Global Tech & Media,Consolidated/Multiple,UK Airport Cyber-Attack,No URL
Global Tech & Media,Consolidated/Multiple,Netflix and Disney+ Price Hikes,No URL
International Affairs,Consolidated/Multiple,Ratko Mladić Dies in The Hague,No URL
International Affairs,Consolidated/Multiple,CIA Chief's Secret Moscow Visit,No URL
International Affairs,Consolidated/Multiple,Russia Warns UK Over NATO,No URL
International Affairs,Consolidated/Multiple,Qatar-Iran Mediation Talks,No URL
